nom_fr,18_a_24,25_a_34,35_a_44,45_a_54,55_a_64,superieur_a_65
MascaraInk Chaos Contrôle,2,10,4,9,10,10
Mousse Nettoyante Clarifiante,2,11,15,8,8,5
Rouge À Lèvres ModernMatte,1,6,7,2,2,2
Crème Super Revitalisante Absolue,1,2,7,10,15,19
Nettoyant Visage Shiseido Men,0,0,4,2,2,2
Crème Lissante Anti-Rides Enrichie,0,3,11,5,2,3
Lotion Soin Equilibrante,5,8,0,4,5,1
Crème Jour Lift Fermeté SPF 30,1,7,15,5,9,7
Concentré Nuit Eclat Contours Redéfinis,0,15,28,9,4,0
SYNCHRO SKIN SELF-REFRESHING Fluide Teinté SPF 20,1,8,10,0,1,2
Crème Lift Fermeté Enrichie,0,0,20,13,11,14
Masque De Nuit - SOS Hydratation,0,5,4,11,2,1
Crème Jour Lissante Anti-Rides SPF 25,0,2,9,15,7,5
Revitalisant Total Yeux,0,0,0,0,1,1
Crème Lift Fermeté,0,3,15,49,25,14
Crème Activatrice D’Hydratation,2,50,52,10,2,8
Crème Régénérante Contour Yeux Et Lèvres,0,3,7,3,5,4
Legendary Enmei Crème Yeux Ultime,0,0,0,1,0,0
Sérum Skin Filler,3,16,51,20,7,6
Concentré Correcteur Anti Taches,0,2,42,111,43,11
Sérum Concentré Activateur Énergisant,7,45,84,50,27,25
Crème Ultra-Hydratante,0,2,6,4,3,3
Sérum Contour Lissant Rides,0,1,22,4,1,3
Sérum Eclat Contours Redéfinis,0,4,40,31,7,5
Concentré Activateur Yeux Énergisant,1,5,39,21,6,2
Revitalisant Total Fluide Léger,0,1,1,0,1,0
Stick Protecteur UV Transparent SPF 50,6,12,9,3,4,4
Fond De Teint Compact Protecteur UV SPF 30,0,2,9,24,25,23
Crème Anti-Rides Yeux,0,3,14,8,2,1
Revitalessence Skin Glow Fond De Teint SPF 30,1,20,20,16,5,2